<?xml version="1.0" encoding="UTF-8"?>

<Bundle xmlns="http://hl7.org/fhir">
  <id value="f2216af2-f9db-4137-aa13-a62704571744"/>
  <meta>
    <lastUpdated value="2022-08-27T23:48:29.718-04:00"/>
  </meta>
  <type value="collection"/>
  <entry>
    <fullUrl value="http://cardinalkit.org/fhir/ValueSet/omh-unit-value"/>
    <resource>
      <ValueSet>
        <id value="omh-unit-value"/>
        <text>
          <status value="generated"/>
          <div xmlns="http://www.w3.org/1999/xhtml">
            <p>This value set contains 6 concepts</p>
            <p style="border: black 1px dotted; background-color: #EEEEEE; padding: 8px; margin-bottom: 8px">Expansion based on UCUM version 2.0.1</p>
            <p>All codes in this table are from the system 
              <a href="http://terminology.hl7.org/3.1.0/CodeSystem-v3-ucum.html">
                <code>http://unitsofmeasure.org</code>
              </a>
            </p>
            <table class="codes">
              <tr>
                <td style="white-space:nowrap">
                  <b>Code</b>
                </td>
                <td>
                  <b>Display</b>
                </td>
              </tr>
              <tr>
                <td style="white-space:nowrap">
                  <a name="http---unitsofmeasure.org--steps-"> </a>  {steps}
                </td>
                <td>steps</td>
              </tr>
              <tr>
                <td style="white-space:nowrap">
                  <a name="http---unitsofmeasure.org-mm-Hg-"> </a>  mm[Hg]
                </td>
                <td>mmHg</td>
              </tr>
              <tr>
                <td style="white-space:nowrap">
                  <a name="http---unitsofmeasure.org-mg-dL"> </a>  mg/dL
                </td>
                <td>mg/dL</td>
              </tr>
              <tr>
                <td style="white-space:nowrap">
                  <a name="http---unitsofmeasure.org-mmol-L"> </a>  mmol/L
                </td>
                <td>mmol/L</td>
              </tr>
              <tr>
                <td style="white-space:nowrap">
                  <a name="http---unitsofmeasure.org-kg-m2"> </a>  kg/m2
                </td>
                <td>kg/m^2</td>
              </tr>
              <tr>
                <td style="white-space:nowrap">
                  <a name="http---unitsofmeasure.org--"> </a>  %
                </td>
                <td>%</td>
              </tr>
            </table>
          </div>
        </text>
        <url value="http://cardinalkit.org/fhir/ValueSet/omh-unit-value"/>
        <version value="1.0.0"/>
        <name value="OMHUnitValue"/>
        <title value="OMH to FHIR Unit Value Set"/>
        <status value="draft"/>
        <date value="2018-11-28T15:55:00.13Z"/>
        <publisher value="Stanford Byers Center for Biodesign"/>
        <contact>
          <name value="Stanford Byers Center for Biodesign"/>
          <telecom>
            <system value="url"/>
            <value value="http://biodesign.stanford.edu/"/>
          </telecom>
          <telecom>
            <system value="email"/>
            <value value="vishnur@stanford.edu"/>
          </telecom>
        </contact>
        <contact>
          <name value="Vishnu Ravi"/>
          <telecom>
            <system value="email"/>
            <value value="vishnur@stanford.edu"/>
            <use value="work"/>
          </telecom>
        </contact>
        <description value="Implicit OMH units (not explicitly enumerated in the schemas) needed for OMH to FHIR mapping"/>
        <immutable value="false"/>
        <copyright value="Open mHealth copyright 2015, a project of the Tides Center. All Rights Reserved."/>
        <expansion>
          <identifier value="urn:uuid:86d48125-b5ef-4df0-9a73-6f3524f831ea"/>
          <timestamp value="2022-08-27T23:48:44-04:00"/>
          <total value="6"/>
          <parameter>
            <name value="excludeNested"/>
            <valueBoolean value="false"/>
          </parameter>
          <parameter>
            <name value="limitedExpansion"/>
            <valueBoolean value="true"/>
          </parameter>
          <parameter>
            <name value="version"/>
            <valueUri value="http://unitsofmeasure.org|2.0.1"/>
          </parameter>
          <contains>
            <system value="http://unitsofmeasure.org"/>
            <code value="{steps}"/>
            <display value="steps"/>
          </contains>
          <contains>
            <system value="http://unitsofmeasure.org"/>
            <code value="mm[Hg]"/>
            <display value="mmHg"/>
          </contains>
          <contains>
            <system value="http://unitsofmeasure.org"/>
            <code value="mg/dL"/>
            <display value="mg/dL"/>
          </contains>
          <contains>
            <system value="http://unitsofmeasure.org"/>
            <code value="mmol/L"/>
            <display value="mmol/L"/>
          </contains>
          <contains>
            <system value="http://unitsofmeasure.org"/>
            <code value="kg/m2"/>
            <display value="kg/m^2"/>
          </contains>
          <contains>
            <system value="http://unitsofmeasure.org"/>
            <code value="%"/>
            <display value="%"/>
          </contains>
        </expansion>
      </ValueSet>
    </resource>
  </entry>
</Bundle>