{"resourceType":"CodeSystem","id":"omh-temporal-relationship-to-sleep","text":{"status":"generated","div":"<div xmlns=\"http://www.w3.org/1999/xhtml\"><p>This code system http://cardinalkit.org/fhir/CodeSystem/omh-temporal-relationship-to-sleep defines the following codes:</p><table class=\"codes\"><tr><td style=\"white-space:nowrap\"><b>Code</b></td><td><b>Display</b></td><td><b>Definition</b></td></tr><tr><td style=\"white-space:nowrap\">before-sleeping<a name=\"omh-temporal-relationship-to-sleep-before-sleeping\"> </a></td><td>before sleeping</td><td>before sleeping</td></tr><tr><td style=\"white-space:nowrap\">during-sleep<a name=\"omh-temporal-relationship-to-sleep-during-sleep\"> </a></td><td>during sleep</td><td>during sleep</td></tr><tr><td style=\"white-space:nowrap\">on-waking<a name=\"omh-temporal-relationship-to-sleep-on-waking\"> </a></td><td>on waking</td><td>on waking</td></tr></table></div>"},"url":"http://cardinalkit.org/fhir/CodeSystem/omh-temporal-relationship-to-sleep","version":"1.0.0","name":"OMHTemporalRelationshipToSleep","title":"OMH Temporal Relationship to Sleep Code System","status":"draft","date":"2015-06-15","publisher":"Stanford Byers Center for Biodesign","contact":[{"name":"Stanford Byers Center for Biodesign","telecom":[{"system":"url","value":"http://biodesign.stanford.edu/"},{"system":"email","value":"vishnur@stanford.edu"}]},{"name":"Vishnu Ravi","telecom":[{"system":"email","value":"vishnur@stanford.edu","use":"work"}]}],"description":"Represents the temporal relationship of a clinical measure or assessment to sleep (e.g., before sleeping, on waking).","caseSensitive":true,"content":"complete","count":3,"concept":[{"code":"before-sleeping","display":"before sleeping","definition":"before sleeping"},{"code":"during-sleep","display":"during sleep","definition":"during sleep"},{"code":"on-waking","display":"on waking","definition":"on waking"}]}