{"resourceType":"CodeSystem","id":"omh-temporal-relationship-to-meal","text":{"status":"generated","div":"<div xmlns=\"http://www.w3.org/1999/xhtml\"><p>This code system http://cardinalkit.org/fhir/CodeSystem/omh-temporal-relationship-to-meal defines the following codes:</p><table class=\"codes\"><tr><td style=\"white-space:nowrap\"><b>Code</b></td><td><b>Display</b></td><td><b>Definition</b></td></tr><tr><td style=\"white-space:nowrap\">2-hours-postprandial<a name=\"omh-temporal-relationship-to-meal-2-hours-postprandial\"> </a></td><td>2 hours postprandial</td><td>The relative time 2 hours following a meal</td></tr><tr><td style=\"white-space:nowrap\">fasting<a name=\"omh-temporal-relationship-to-meal-fasting\"> </a></td><td>fasting</td><td>Fasting</td></tr><tr><td style=\"white-space:nowrap\">not-fasting<a name=\"omh-temporal-relationship-to-meal-not-fasting\"> </a></td><td>not fasting</td><td>Not fasting</td></tr><tr><td style=\"white-space:nowrap\">before-meal<a name=\"omh-temporal-relationship-to-meal-before-meal\"> </a></td><td>before meal</td><td>Before meal</td></tr><tr><td style=\"white-space:nowrap\">after-meal<a name=\"omh-temporal-relationship-to-meal-after-meal\"> </a></td><td>after meal</td><td>After meal</td></tr><tr><td style=\"white-space:nowrap\">before-breakfast<a name=\"omh-temporal-relationship-to-meal-before-breakfast\"> </a></td><td>before breakfast</td><td>Before breakfast</td></tr><tr><td style=\"white-space:nowrap\">after-breakfast<a name=\"omh-temporal-relationship-to-meal-after-breakfast\"> </a></td><td>after breakfast</td><td>After breakfast</td></tr><tr><td style=\"white-space:nowrap\">before-lunch<a name=\"omh-temporal-relationship-to-meal-before-lunch\"> </a></td><td>before lunch</td><td>Before lunch</td></tr><tr><td style=\"white-space:nowrap\">after-lunch<a name=\"omh-temporal-relationship-to-meal-after-lunch\"> </a></td><td>after lunch</td><td>After lunch</td></tr><tr><td style=\"white-space:nowrap\">before-dinner<a name=\"omh-temporal-relationship-to-meal-before-dinner\"> </a></td><td>before dinner</td><td>Before dinner</td></tr><tr><td style=\"white-space:nowrap\">after-dinner<a name=\"omh-temporal-relationship-to-meal-after-dinner\"> </a></td><td>after dinner</td><td>After dinner</td></tr><tr><td style=\"white-space:nowrap\">with-meal<a name=\"omh-temporal-relationship-to-meal-with-meal\"> </a></td><td>with meal</td><td>Along with the meal</td></tr><tr><td style=\"white-space:nowrap\">with-food<a name=\"omh-temporal-relationship-to-meal-with-food\"> </a></td><td>with food</td><td>Along with food</td></tr></table></div>"},"url":"http://cardinalkit.org/fhir/CodeSystem/omh-temporal-relationship-to-meal","version":"1.0.0","name":"OMHTemporalRelationshipToMeal","title":"OMH Temporal Relationship to Meal Code System","status":"draft","date":"2015-11-25","publisher":"Stanford Byers Center for Biodesign","contact":[{"name":"Stanford Byers Center for Biodesign","telecom":[{"system":"url","value":"http://biodesign.stanford.edu/"},{"system":"email","value":"vishnur@stanford.edu"}]},{"name":"Vishnu Ravi","telecom":[{"system":"email","value":"vishnur@stanford.edu","use":"work"}]}],"description":"Represents the temporal relationship of a clinical measure or assessment to a meal (e.g. fasting, after breakfast).","caseSensitive":true,"content":"complete","count":13,"concept":[{"code":"2-hours-postprandial","display":"2 hours postprandial","definition":"The relative time 2 hours following a meal"},{"code":"fasting","display":"fasting","definition":"Fasting"},{"code":"not-fasting","display":"not fasting","definition":"Not fasting"},{"code":"before-meal","display":"before meal","definition":"Before meal"},{"code":"after-meal","display":"after meal","definition":"After meal"},{"code":"before-breakfast","display":"before breakfast","definition":"Before breakfast"},{"code":"after-breakfast","display":"after breakfast","definition":"After breakfast"},{"code":"before-lunch","display":"before lunch","definition":"Before lunch"},{"code":"after-lunch","display":"after lunch","definition":"After lunch"},{"code":"before-dinner","display":"before dinner","definition":"Before dinner"},{"code":"after-dinner","display":"after dinner","definition":"After dinner"},{"code":"with-meal","display":"with meal","definition":"Along with the meal"},{"code":"with-food","display":"with food","definition":"Along with food"}]}