{"resourceType":"ImplementationGuide","id":"fhir.CKmHealthToFhir","text":{"status":"extensions","div":"<div xmlns=\"http://www.w3.org/1999/xhtml\"><h2>CKmHealthFhirIG</h2><p>The official URL for this implementation guide is: </p><pre>http://cardinalkit.org/fhir/ImplementationGuide/fhir.CKmHealthToFhir</pre><div><p>An Implementation Guide for representing mobile health data in FHIR</p>\n</div></div>"},"url":"http://cardinalkit.org/fhir/ImplementationGuide/fhir.CKmHealthToFhir","version":"1.0.0","name":"CKmHealthFhirIG","title":"CardinalKit Mobile Health Data FHIR Implementation Guide","status":"active","date":"2022-08-26T08:36:43-04:00","publisher":"Stanford Byers Center for Biodesign","contact":[{"name":"Stanford Byers Center for Biodesign","telecom":[{"system":"url","value":"http://biodesign.stanford.edu/"},{"system":"email","value":"vishnur@stanford.edu"}]},{"name":"Vishnu Ravi","telecom":[{"system":"email","value":"vishnur@stanford.edu","use":"work"}]}],"description":"An Implementation Guide for representing mobile health data in FHIR","packageId":"fhir.CKmHealthToFhir","license":"MIT","fhirVersion":["4.0.1"],"dependsOn":[{"id":"hl7tx","uri":"http://terminology.hl7.org/ImplementationGuide/hl7.terminology","packageId":"hl7.terminology.r4","version":"3.1.0"}],"definition":{"extension":[{"extension":[{"url":"code","valueString":"copyrightyear"},{"url":"value","valueString":"2021+"}],"url":"http://hl7.org/fhir/tools/StructureDefinition/ig-parameter"},{"extension":[{"url":"code","valueString":"releaselabel"},{"url":"value","valueString":"release"}],"url":"http://hl7.org/fhir/tools/StructureDefinition/ig-parameter"},{"extension":[{"url":"code","valueString":"path-liquid"},{"url":"value","valueString":"template/liquid"}],"url":"http://hl7.org/fhir/tools/StructureDefinition/ig-parameter"},{"extension":[{"url":"code","valueString":"path-liquid"},{"url":"value","valueString":"input/liquid"}],"url":"http://hl7.org/fhir/tools/StructureDefinition/ig-parameter"},{"extension":[{"url":"code","valueString":"path-qa"},{"url":"value","valueString":"temp/qa"}],"url":"http://hl7.org/fhir/tools/StructureDefinition/ig-parameter"},{"extension":[{"url":"code","valueString":"path-temp"},{"url":"value","valueString":"temp/pages"}],"url":"http://hl7.org/fhir/tools/StructureDefinition/ig-parameter"},{"extension":[{"url":"code","valueString":"path-output"},{"url":"value","valueString":"output"}],"url":"http://hl7.org/fhir/tools/StructureDefinition/ig-parameter"},{"extension":[{"url":"code","valueString":"path-suppressed-warnings"},{"url":"value","valueString":"input/ignoreWarnings.txt"}],"url":"http://hl7.org/fhir/tools/StructureDefinition/ig-parameter"},{"extension":[{"url":"code","valueString":"path-history"},{"url":"value","valueString":"http://cardinalkit.org/fhir/history.html"}],"url":"http://hl7.org/fhir/tools/StructureDefinition/ig-parameter"},{"extension":[{"url":"code","valueString":"template-html"},{"url":"value","valueString":"template-page.html"}],"url":"http://hl7.org/fhir/tools/StructureDefinition/ig-parameter"},{"extension":[{"url":"code","valueString":"template-md"},{"url":"value","valueString":"template-page-md.html"}],"url":"http://hl7.org/fhir/tools/StructureDefinition/ig-parameter"},{"extension":[{"url":"code","valueString":"apply-contact"},{"url":"value","valueString":"true"}],"url":"http://hl7.org/fhir/tools/StructureDefinition/ig-parameter"},{"extension":[{"url":"code","valueString":"apply-context"},{"url":"value","valueString":"true"}],"url":"http://hl7.org/fhir/tools/StructureDefinition/ig-parameter"},{"extension":[{"url":"code","valueString":"apply-copyright"},{"url":"value","valueString":"true"}],"url":"http://hl7.org/fhir/tools/StructureDefinition/ig-parameter"},{"extension":[{"url":"code","valueString":"apply-jurisdiction"},{"url":"value","valueString":"true"}],"url":"http://hl7.org/fhir/tools/StructureDefinition/ig-parameter"},{"extension":[{"url":"code","valueString":"apply-license"},{"url":"value","valueString":"true"}],"url":"http://hl7.org/fhir/tools/StructureDefinition/ig-parameter"},{"extension":[{"url":"code","valueString":"apply-publisher"},{"url":"value","valueString":"true"}],"url":"http://hl7.org/fhir/tools/StructureDefinition/ig-parameter"},{"extension":[{"url":"code","valueString":"apply-version"},{"url":"value","valueString":"true"}],"url":"http://hl7.org/fhir/tools/StructureDefinition/ig-parameter"},{"extension":[{"url":"code","valueString":"active-tables"},{"url":"value","valueString":"true"}],"url":"http://hl7.org/fhir/tools/StructureDefinition/ig-parameter"},{"extension":[{"url":"code","valueString":"fmm-definition"},{"url":"value","valueString":"http://hl7.org/fhir/versions.html#maturity"}],"url":"http://hl7.org/fhir/tools/StructureDefinition/ig-parameter"},{"extension":[{"url":"code","valueString":"propagate-status"},{"url":"value","valueString":"true"}],"url":"http://hl7.org/fhir/tools/StructureDefinition/ig-parameter"},{"extension":[{"url":"code","valueString":"excludelogbinaryformat"},{"url":"value","valueString":"true"}],"url":"http://hl7.org/fhir/tools/StructureDefinition/ig-parameter"}],"grouping":[{"id":"-str-profile","name":"Structures: Resource Profiles","description":"These define constraints on FHIR resources for systems conforming to this implementation guide"},{"id":"-str-extension","name":"Structures: Extension Definitions","description":"These define constraints on FHIR data types for systems conforming to this implementation guide"},{"id":"-term-valueset","name":"Terminology: Value Sets","description":"These define sets of codes used by systems conforming to this implementation guide"},{"id":"-term-codesystem","name":"Terminology: Code Systems","description":"These define new code systems used by systems conforming to this implementation guide"}],"resource":[{"extension":[{"url":"http://hl7.org/fhir/StructureDefinition/implementationguide-page","valueUri":"StructureDefinition-ck-obs.html"}],"reference":{"reference":"StructureDefinition/ck-obs"},"name":"CardinalKit mHealth Observation Profile","description":"Observation Profile used for representing mobile health data in CardinalKit applications","exampleBoolean":false,"groupingId":"-str-profile"},{"extension":[{"url":"http://hl7.org/fhir/StructureDefinition/implementationguide-page","valueUri":"StructureDefinition-ck-questionnaire.html"}],"reference":{"reference":"StructureDefinition/ck-questionnaire"},"name":"CardinalKit Questionnaire Profile","description":"Questionnaire Profile used to represent surveys rendered on mobile devices","exampleBoolean":false,"groupingId":"-str-profile"},{"extension":[{"url":"http://hl7.org/fhir/StructureDefinition/implementationguide-page","valueUri":"StructureDefinition-extension-modality.html"}],"reference":{"reference":"StructureDefinition/extension-modality"},"name":"OMH to FHIR Modality Extension","description":"How the measure was obtained - either sensed or self-reported.","exampleBoolean":false,"groupingId":"-str-extension"},{"extension":[{"url":"http://hl7.org/fhir/StructureDefinition/implementationguide-page","valueUri":"ValueSet-omh-unit-value.html"}],"reference":{"reference":"ValueSet/omh-unit-value"},"name":"OMH to FHIR Unit Value Set","description":"Implicit OMH units (not explicitly enumerated in the schemas) needed for OMH to FHIR mapping","exampleBoolean":false,"groupingId":"-term-valueset"},{"extension":[{"url":"http://hl7.org/fhir/StructureDefinition/implementationguide-page","valueUri":"ValueSet-omh-device-modality.html"}],"reference":{"reference":"ValueSet/omh-device-modality"},"name":"OMH to FHIR Device Modality ValueSet","description":"The modality whereby the measure is obtained.  Choice of sensed|self-reported .","exampleBoolean":false,"groupingId":"-term-valueset"},{"extension":[{"url":"http://hl7.org/fhir/StructureDefinition/implementationguide-page","valueUri":"CodeSystem-omh-temporal-relationship-to-meal.html"}],"reference":{"reference":"CodeSystem/omh-temporal-relationship-to-meal"},"name":"OMH Temporal Relationship to Meal Code System","description":"Represents the temporal relationship of a clinical measure or assessment to a meal (e.g. fasting, after breakfast).","exampleBoolean":false,"groupingId":"-term-codesystem"},{"extension":[{"url":"http://hl7.org/fhir/StructureDefinition/implementationguide-page","valueUri":"CodeSystem-omh-temporal-relationship-to-physical-activity.html"}],"reference":{"reference":"CodeSystem/omh-temporal-relationship-to-physical-activity"},"name":"OMH Temporal Relationship to Physical Activity Code System","description":"Represents the temporal relationship of a clinical measure or assessment to physical activity (e.g., at rest, during exercise).","exampleBoolean":false,"groupingId":"-term-codesystem"},{"extension":[{"url":"http://hl7.org/fhir/StructureDefinition/implementationguide-page","valueUri":"CodeSystem-omh-temporal-relationship-to-sleep.html"}],"reference":{"reference":"CodeSystem/omh-temporal-relationship-to-sleep"},"name":"OMH Temporal Relationship to Sleep Code System","description":"Represents the temporal relationship of a clinical measure or assessment to sleep (e.g., before sleeping, on waking).","exampleBoolean":false,"groupingId":"-term-codesystem"}],"page":{"nameUrl":"toc.html","title":"Table of Contents","generation":"html","page":[{"nameUrl":"index.html","title":"Home","generation":"markdown"},{"nameUrl":"2_mapping.html","title":"Mapping","generation":"markdown"},{"nameUrl":"3_terminology.html","title":"Terminology","generation":"markdown"},{"nameUrl":"4_profiles.html","title":"Profiles","generation":"markdown"},{"nameUrl":"5_examples.html","title":"Examples","generation":"markdown"},{"nameUrl":"6_downloads.html","title":"Downloads","generation":"markdown"},{"nameUrl":"artifacts.html","title":"Artifacts Summary","generation":"html","page":[{"nameUrl":"StructureDefinition-ck-obs.html","title":"CardinalKit mHealth Observation Profile","generation":"generated"},{"nameUrl":"StructureDefinition-ck-questionnaire.html","title":"CardinalKit Questionnaire Profile","generation":"generated"},{"nameUrl":"StructureDefinition-extension-modality.html","title":"OMH to FHIR Modality Extension","generation":"generated"},{"nameUrl":"ValueSet-omh-unit-value.html","title":"OMH to FHIR Unit Value Set","generation":"generated"},{"nameUrl":"ValueSet-omh-device-modality.html","title":"OMH to FHIR Device Modality ValueSet","generation":"generated"},{"nameUrl":"CodeSystem-omh-temporal-relationship-to-meal.html","title":"OMH Temporal Relationship to Meal Code System","generation":"generated"},{"nameUrl":"CodeSystem-omh-temporal-relationship-to-physical-activity.html","title":"OMH Temporal Relationship to Physical Activity Code System","generation":"generated"},{"nameUrl":"CodeSystem-omh-temporal-relationship-to-sleep.html","title":"OMH Temporal Relationship to Sleep Code System","generation":"generated"}]}]},"parameter":[{"code":"path-resource","value":"input/capabilities"},{"code":"path-resource","value":"input/examples"},{"code":"path-resource","value":"input/extensions"},{"code":"path-resource","value":"input/models"},{"code":"path-resource","value":"input/operations"},{"code":"path-resource","value":"input/profiles"},{"code":"path-resource","value":"input/resources"},{"code":"path-resource","value":"input/vocabulary"},{"code":"path-resource","value":"input/maps"},{"code":"path-resource","value":"input/testing"},{"code":"path-resource","value":"input/history"},{"code":"path-resource","value":"fsh-generated/resources"},{"code":"path-pages","value":"template/config"},{"code":"path-pages","value":"input/images"},{"code":"path-tx-cache","value":"input-cache/txcache"}]}}