<?xml version="1.0" encoding="UTF-8"?><CodeSystem xmlns="http://hl7.org/fhir"><id value="omh-temporal-relationship-to-meal"/><text><status value="generated"/><div xmlns="http://www.w3.org/1999/xhtml"><p>This code system http://cardinalkit.org/fhir/CodeSystem/omh-temporal-relationship-to-meal defines the following codes:</p><table class="codes"><tr><td style="white-space:nowrap"><b>Code</b></td><td><b>Display</b></td><td><b>Definition</b></td></tr><tr><td style="white-space:nowrap">2-hours-postprandial<a name="omh-temporal-relationship-to-meal-2-hours-postprandial"> </a></td><td>2 hours postprandial</td><td>The relative time 2 hours following a meal</td></tr><tr><td style="white-space:nowrap">fasting<a name="omh-temporal-relationship-to-meal-fasting"> </a></td><td>fasting</td><td>Fasting</td></tr><tr><td style="white-space:nowrap">not-fasting<a name="omh-temporal-relationship-to-meal-not-fasting"> </a></td><td>not fasting</td><td>Not fasting</td></tr><tr><td style="white-space:nowrap">before-meal<a name="omh-temporal-relationship-to-meal-before-meal"> </a></td><td>before meal</td><td>Before meal</td></tr><tr><td style="white-space:nowrap">after-meal<a name="omh-temporal-relationship-to-meal-after-meal"> </a></td><td>after meal</td><td>After meal</td></tr><tr><td style="white-space:nowrap">before-breakfast<a name="omh-temporal-relationship-to-meal-before-breakfast"> </a></td><td>before breakfast</td><td>Before breakfast</td></tr><tr><td style="white-space:nowrap">after-breakfast<a name="omh-temporal-relationship-to-meal-after-breakfast"> </a></td><td>after breakfast</td><td>After breakfast</td></tr><tr><td style="white-space:nowrap">before-lunch<a name="omh-temporal-relationship-to-meal-before-lunch"> </a></td><td>before lunch</td><td>Before lunch</td></tr><tr><td style="white-space:nowrap">after-lunch<a name="omh-temporal-relationship-to-meal-after-lunch"> </a></td><td>after lunch</td><td>After lunch</td></tr><tr><td style="white-space:nowrap">before-dinner<a name="omh-temporal-relationship-to-meal-before-dinner"> </a></td><td>before dinner</td><td>Before dinner</td></tr><tr><td style="white-space:nowrap">after-dinner<a name="omh-temporal-relationship-to-meal-after-dinner"> </a></td><td>after dinner</td><td>After dinner</td></tr><tr><td style="white-space:nowrap">with-meal<a name="omh-temporal-relationship-to-meal-with-meal"> </a></td><td>with meal</td><td>Along with the meal</td></tr><tr><td style="white-space:nowrap">with-food<a name="omh-temporal-relationship-to-meal-with-food"> </a></td><td>with food</td><td>Along with food</td></tr></table></div></text><url value="http://cardinalkit.org/fhir/CodeSystem/omh-temporal-relationship-to-meal"/><version value="1.0.0"/><name value="OMHTemporalRelationshipToMeal"/><title value="OMH Temporal Relationship to Meal Code System"/><status value="draft"/><date value="2015-11-25"/><publisher value="Stanford Byers Center for Biodesign"/><contact><name value="Stanford Byers Center for Biodesign"/><telecom><system value="url"/><value value="http://biodesign.stanford.edu/"/></telecom><telecom><system value="email"/><value value="vishnur@stanford.edu"/></telecom></contact><contact><name value="Vishnu Ravi"/><telecom><system value="email"/><value value="vishnur@stanford.edu"/><use value="work"/></telecom></contact><description value="Represents the temporal relationship of a clinical measure or assessment to a meal (e.g. fasting, after breakfast)."/><caseSensitive value="true"/><content value="complete"/><count value="13"/><concept><code value="2-hours-postprandial"/><display value="2 hours postprandial"/><definition value="The relative time 2 hours following a meal"/></concept><concept><code value="fasting"/><display value="fasting"/><definition value="Fasting"/></concept><concept><code value="not-fasting"/><display value="not fasting"/><definition value="Not fasting"/></concept><concept><code value="before-meal"/><display value="before meal"/><definition value="Before meal"/></concept><concept><code value="after-meal"/><display value="after meal"/><definition value="After meal"/></concept><concept><code value="before-breakfast"/><display value="before breakfast"/><definition value="Before breakfast"/></concept><concept><code value="after-breakfast"/><display value="after breakfast"/><definition value="After breakfast"/></concept><concept><code value="before-lunch"/><display value="before lunch"/><definition value="Before lunch"/></concept><concept><code value="after-lunch"/><display value="after lunch"/><definition value="After lunch"/></concept><concept><code value="before-dinner"/><display value="before dinner"/><definition value="Before dinner"/></concept><concept><code value="after-dinner"/><display value="after dinner"/><definition value="After dinner"/></concept><concept><code value="with-meal"/><display value="with meal"/><definition value="Along with the meal"/></concept><concept><code value="with-food"/><display value="with food"/><definition value="Along with food"/></concept></CodeSystem>