<?xml version="1.0" encoding="UTF-8"?><CodeSystem xmlns="http://hl7.org/fhir"><id value="omh-temporal-relationship-to-sleep"/><text><status value="generated"/><div xmlns="http://www.w3.org/1999/xhtml"><p>This code system http://cardinalkit.org/fhir/CodeSystem/omh-temporal-relationship-to-sleep defines the following codes:</p><table class="codes"><tr><td style="white-space:nowrap"><b>Code</b></td><td><b>Display</b></td><td><b>Definition</b></td></tr><tr><td style="white-space:nowrap">before-sleeping<a name="omh-temporal-relationship-to-sleep-before-sleeping"> </a></td><td>before sleeping</td><td>before sleeping</td></tr><tr><td style="white-space:nowrap">during-sleep<a name="omh-temporal-relationship-to-sleep-during-sleep"> </a></td><td>during sleep</td><td>during sleep</td></tr><tr><td style="white-space:nowrap">on-waking<a name="omh-temporal-relationship-to-sleep-on-waking"> </a></td><td>on waking</td><td>on waking</td></tr></table></div></text><url value="http://cardinalkit.org/fhir/CodeSystem/omh-temporal-relationship-to-sleep"/><version value="1.0.0"/><name value="OMHTemporalRelationshipToSleep"/><title value="OMH Temporal Relationship to Sleep Code System"/><status value="draft"/><date value="2015-06-15"/><publisher value="Stanford Byers Center for Biodesign"/><contact><name value="Stanford Byers Center for Biodesign"/><telecom><system value="url"/><value value="http://biodesign.stanford.edu/"/></telecom><telecom><system value="email"/><value value="vishnur@stanford.edu"/></telecom></contact><contact><name value="Vishnu Ravi"/><telecom><system value="email"/><value value="vishnur@stanford.edu"/><use value="work"/></telecom></contact><description value="Represents the temporal relationship of a clinical measure or assessment to sleep (e.g., before sleeping, on waking)."/><caseSensitive value="true"/><content value="complete"/><count value="3"/><concept><code value="before-sleeping"/><display value="before sleeping"/><definition value="before sleeping"/></concept><concept><code value="during-sleep"/><display value="during sleep"/><definition value="during sleep"/></concept><concept><code value="on-waking"/><display value="on waking"/><definition value="on waking"/></concept></CodeSystem>