<?xml version="1.0" encoding="UTF-8"?><CodeSystem xmlns="http://hl7.org/fhir"><id value="omh-temporal-relationship-to-physical-activity"/><text><status value="generated"/><div xmlns="http://www.w3.org/1999/xhtml"><p>This code system http://cardinalkit.org/fhir/CodeSystem/omh-temporal-relationship-to-physical-activity defines the following codes:</p><table class="codes"><tr><td style="white-space:nowrap"><b>Code</b></td><td><b>Display</b></td><td><b>Definition</b></td></tr><tr><td style="white-space:nowrap">at-rest<a name="omh-temporal-relationship-to-physical-activity-at-rest"> </a></td><td>at rest</td><td>at rest</td></tr><tr><td style="white-space:nowrap">active<a name="omh-temporal-relationship-to-physical-activity-active"> </a></td><td>active</td><td>active</td></tr><tr><td style="white-space:nowrap">before-exercise<a name="omh-temporal-relationship-to-physical-activity-before-exercise"> </a></td><td>before exercise</td><td>before exercise</td></tr><tr><td style="white-space:nowrap">after-exercise<a name="omh-temporal-relationship-to-physical-activity-after-exercise"> </a></td><td>after exercise</td><td>after exercise</td></tr><tr><td style="white-space:nowrap">during-exercise<a name="omh-temporal-relationship-to-physical-activity-during-exercise"> </a></td><td>during exercise</td><td>during exercise</td></tr></table></div></text><url value="http://cardinalkit.org/fhir/CodeSystem/omh-temporal-relationship-to-physical-activity"/><version value="1.0.0"/><name value="OMHTemporalRelationshipToPhysicalActivity"/><title value="OMH Temporal Relationship to Physical Activity Code System"/><status value="draft"/><date value="2015-06-15"/><publisher value="Stanford Byers Center for Biodesign"/><contact><name value="Stanford Byers Center for Biodesign"/><telecom><system value="url"/><value value="http://biodesign.stanford.edu/"/></telecom><telecom><system value="email"/><value value="vishnur@stanford.edu"/></telecom></contact><contact><name value="Vishnu Ravi"/><telecom><system value="email"/><value value="vishnur@stanford.edu"/><use value="work"/></telecom></contact><description value="Represents the temporal relationship of a clinical measure or assessment to physical activity (e.g., at rest, during exercise)."/><caseSensitive value="true"/><content value="complete"/><count value="5"/><concept><code value="at-rest"/><display value="at rest"/><definition value="at rest"/></concept><concept><code value="active"/><display value="active"/><definition value="active"/></concept><concept><code value="before-exercise"/><display value="before exercise"/><definition value="before exercise"/></concept><concept><code value="after-exercise"/><display value="after exercise"/><definition value="after exercise"/></concept><concept><code value="during-exercise"/><display value="during exercise"/><definition value="during exercise"/></concept></CodeSystem>