<?xml version="1.0" encoding="UTF-8"?><ImplementationGuide xmlns="http://hl7.org/fhir"><id value="fhir.CKmHealthToFhir"/><text><status value="extensions"/><div xmlns="http://www.w3.org/1999/xhtml"><h2>CKmHealthFhirIG</h2><p>The official URL for this implementation guide is: </p><pre>http://cardinalkit.org/fhir/ImplementationGuide/fhir.CKmHealthToFhir</pre><div><p>An Implementation Guide for representing mobile health data in FHIR</p>
</div></div></text><url value="http://cardinalkit.org/fhir/ImplementationGuide/fhir.CKmHealthToFhir"/><version value="1.0.0"/><name value="CKmHealthFhirIG"/><title value="CardinalKit Mobile Health Data FHIR Implementation Guide"/><status value="active"/><date value="2022-07-17T19:25:35-04:00"/><publisher value="Stanford Byers Center for Biodesign"/><contact><name value="Stanford Byers Center for Biodesign"/><telecom><system value="url"/><value value="http://biodesign.stanford.edu/"/></telecom><telecom><system value="email"/><value value="vishnur@stanford.edu"/></telecom></contact><contact><name value="Vishnu Ravi"/><telecom><system value="email"/><value value="vishnur@stanford.edu"/><use value="work"/></telecom></contact><description value="An Implementation Guide for representing mobile health data in FHIR"/><packageId value="fhir.CKmHealthToFhir"/><license value="MIT"/><fhirVersion value="4.0.1"/><dependsOn id="hl7tx"><uri value="http://terminology.hl7.org/ImplementationGuide/hl7.terminology"/><packageId value="hl7.terminology.r4"/><version value="3.1.0"/></dependsOn><definition><extension url="http://hl7.org/fhir/tools/StructureDefinition/ig-parameter"><extension url="code"><valueString value="copyrightyear"/></extension><extension url="value"><valueString value="2021+"/></extension></extension><extension url="http://hl7.org/fhir/tools/StructureDefinition/ig-parameter"><extension url="code"><valueString value="releaselabel"/></extension><extension url="value"><valueString value="release"/></extension></extension><extension url="http://hl7.org/fhir/tools/StructureDefinition/ig-parameter"><extension url="code"><valueString value="path-liquid"/></extension><extension url="value"><valueString value="template/liquid"/></extension></extension><extension url="http://hl7.org/fhir/tools/StructureDefinition/ig-parameter"><extension url="code"><valueString value="path-liquid"/></extension><extension url="value"><valueString value="input/liquid"/></extension></extension><extension url="http://hl7.org/fhir/tools/StructureDefinition/ig-parameter"><extension url="code"><valueString value="path-qa"/></extension><extension url="value"><valueString value="temp/qa"/></extension></extension><extension url="http://hl7.org/fhir/tools/StructureDefinition/ig-parameter"><extension url="code"><valueString value="path-temp"/></extension><extension url="value"><valueString value="temp/pages"/></extension></extension><extension url="http://hl7.org/fhir/tools/StructureDefinition/ig-parameter"><extension url="code"><valueString value="path-output"/></extension><extension url="value"><valueString value="output"/></extension></extension><extension url="http://hl7.org/fhir/tools/StructureDefinition/ig-parameter"><extension url="code"><valueString value="path-suppressed-warnings"/></extension><extension url="value"><valueString value="input/ignoreWarnings.txt"/></extension></extension><extension url="http://hl7.org/fhir/tools/StructureDefinition/ig-parameter"><extension url="code"><valueString value="path-history"/></extension><extension url="value"><valueString value="http://cardinalkit.org/fhir/history.html"/></extension></extension><extension url="http://hl7.org/fhir/tools/StructureDefinition/ig-parameter"><extension url="code"><valueString value="template-html"/></extension><extension url="value"><valueString value="template-page.html"/></extension></extension><extension url="http://hl7.org/fhir/tools/StructureDefinition/ig-parameter"><extension url="code"><valueString value="template-md"/></extension><extension url="value"><valueString value="template-page-md.html"/></extension></extension><extension url="http://hl7.org/fhir/tools/StructureDefinition/ig-parameter"><extension url="code"><valueString value="apply-contact"/></extension><extension url="value"><valueString value="true"/></extension></extension><extension url="http://hl7.org/fhir/tools/StructureDefinition/ig-parameter"><extension url="code"><valueString value="apply-context"/></extension><extension url="value"><valueString value="true"/></extension></extension><extension url="http://hl7.org/fhir/tools/StructureDefinition/ig-parameter"><extension url="code"><valueString value="apply-copyright"/></extension><extension url="value"><valueString value="true"/></extension></extension><extension url="http://hl7.org/fhir/tools/StructureDefinition/ig-parameter"><extension url="code"><valueString value="apply-jurisdiction"/></extension><extension url="value"><valueString value="true"/></extension></extension><extension url="http://hl7.org/fhir/tools/StructureDefinition/ig-parameter"><extension url="code"><valueString value="apply-license"/></extension><extension url="value"><valueString value="true"/></extension></extension><extension url="http://hl7.org/fhir/tools/StructureDefinition/ig-parameter"><extension url="code"><valueString value="apply-publisher"/></extension><extension url="value"><valueString value="true"/></extension></extension><extension url="http://hl7.org/fhir/tools/StructureDefinition/ig-parameter"><extension url="code"><valueString value="apply-version"/></extension><extension url="value"><valueString value="true"/></extension></extension><extension url="http://hl7.org/fhir/tools/StructureDefinition/ig-parameter"><extension url="code"><valueString value="active-tables"/></extension><extension url="value"><valueString value="true"/></extension></extension><extension url="http://hl7.org/fhir/tools/StructureDefinition/ig-parameter"><extension url="code"><valueString value="fmm-definition"/></extension><extension url="value"><valueString value="http://hl7.org/fhir/versions.html#maturity"/></extension></extension><extension url="http://hl7.org/fhir/tools/StructureDefinition/ig-parameter"><extension url="code"><valueString value="propagate-status"/></extension><extension url="value"><valueString value="true"/></extension></extension><extension url="http://hl7.org/fhir/tools/StructureDefinition/ig-parameter"><extension url="code"><valueString value="excludelogbinaryformat"/></extension><extension url="value"><valueString value="true"/></extension></extension><grouping id="-str-profile"><name value="Structures: Resource Profiles"/><description value="These define constraints on FHIR resources for systems conforming to this implementation guide"/></grouping><grouping id="-str-extension"><name value="Structures: Extension Definitions"/><description value="These define constraints on FHIR data types for systems conforming to this implementation guide"/></grouping><grouping id="-term-valueset"><name value="Terminology: Value Sets"/><description value="These define sets of codes used by systems conforming to this implementation guide"/></grouping><grouping id="-term-codesystem"><name value="Terminology: Code Systems"/><description value="These define new code systems used by systems conforming to this implementation guide"/></grouping><resource><extension url="http://hl7.org/fhir/StructureDefinition/implementationguide-page"><valueUri value="StructureDefinition-ck-obs.html"/></extension><reference><reference value="StructureDefinition/ck-obs"/></reference><name value="CardinalKit mHealth Observation Profile"/><description value="Observation Profile used for representing mobile health data in CardinalKit applications"/><exampleBoolean value="false"/><groupingId value="-str-profile"/></resource><resource><extension url="http://hl7.org/fhir/StructureDefinition/implementationguide-page"><valueUri value="StructureDefinition-extension-modality.html"/></extension><reference><reference value="StructureDefinition/extension-modality"/></reference><name value="OMH to FHIR Modality Extension"/><description value="How the measure was obtained - either sensed or self-reported."/><exampleBoolean value="false"/><groupingId value="-str-extension"/></resource><resource><extension url="http://hl7.org/fhir/StructureDefinition/implementationguide-page"><valueUri value="ValueSet-omh-unit-value.html"/></extension><reference><reference value="ValueSet/omh-unit-value"/></reference><name value="OMH to FHIR Unit Value Set"/><description value="Implicit OMH units (not explicitly enumerated in the schemas) needed for OMH to FHIR mapping"/><exampleBoolean value="false"/><groupingId value="-term-valueset"/></resource><resource><extension url="http://hl7.org/fhir/StructureDefinition/implementationguide-page"><valueUri value="ValueSet-omh-device-modality.html"/></extension><reference><reference value="ValueSet/omh-device-modality"/></reference><name value="OMH to FHIR Device Modality ValueSet"/><description value="The modality whereby the measure is obtained.  Choice of sensed|self-reported ."/><exampleBoolean value="false"/><groupingId value="-term-valueset"/></resource><resource><extension url="http://hl7.org/fhir/StructureDefinition/implementationguide-page"><valueUri value="CodeSystem-omh-temporal-relationship-to-meal.html"/></extension><reference><reference value="CodeSystem/omh-temporal-relationship-to-meal"/></reference><name value="OMH Temporal Relationship to Meal Code System"/><description value="Represents the temporal relationship of a clinical measure or assessment to a meal (e.g. fasting, after breakfast)."/><exampleBoolean value="false"/><groupingId value="-term-codesystem"/></resource><resource><extension url="http://hl7.org/fhir/StructureDefinition/implementationguide-page"><valueUri value="CodeSystem-omh-temporal-relationship-to-physical-activity.html"/></extension><reference><reference value="CodeSystem/omh-temporal-relationship-to-physical-activity"/></reference><name value="OMH Temporal Relationship to Physical Activity Code System"/><description value="Represents the temporal relationship of a clinical measure or assessment to physical activity (e.g., at rest, during exercise)."/><exampleBoolean value="false"/><groupingId value="-term-codesystem"/></resource><resource><extension url="http://hl7.org/fhir/StructureDefinition/implementationguide-page"><valueUri value="CodeSystem-omh-temporal-relationship-to-sleep.html"/></extension><reference><reference value="CodeSystem/omh-temporal-relationship-to-sleep"/></reference><name value="OMH Temporal Relationship to Sleep Code System"/><description value="Represents the temporal relationship of a clinical measure or assessment to sleep (e.g., before sleeping, on waking)."/><exampleBoolean value="false"/><groupingId value="-term-codesystem"/></resource><page><nameUrl value="toc.html"/><title value="Table of Contents"/><generation value="html"/><page><nameUrl value="index.html"/><title value="Home"/><generation value="markdown"/></page><page><nameUrl value="2_mapping.html"/><title value="Mapping"/><generation value="markdown"/></page><page><nameUrl value="3_terminology.html"/><title value="Terminology"/><generation value="markdown"/></page><page><nameUrl value="4_profiles.html"/><title value="Profiles"/><generation value="markdown"/></page><page><nameUrl value="5_examples.html"/><title value="Examples"/><generation value="markdown"/></page><page><nameUrl value="artifacts.html"/><title value="Artifacts Summary"/><generation value="html"/><page><nameUrl value="StructureDefinition-ck-obs.html"/><title value="CardinalKit mHealth Observation Profile"/><generation value="generated"/></page><page><nameUrl value="StructureDefinition-extension-modality.html"/><title value="OMH to FHIR Modality Extension"/><generation value="generated"/></page><page><nameUrl value="ValueSet-omh-unit-value.html"/><title value="OMH to FHIR Unit Value Set"/><generation value="generated"/></page><page><nameUrl value="ValueSet-omh-device-modality.html"/><title value="OMH to FHIR Device Modality ValueSet"/><generation value="generated"/></page><page><nameUrl value="CodeSystem-omh-temporal-relationship-to-meal.html"/><title value="OMH Temporal Relationship to Meal Code System"/><generation value="generated"/></page><page><nameUrl value="CodeSystem-omh-temporal-relationship-to-physical-activity.html"/><title value="OMH Temporal Relationship to Physical Activity Code System"/><generation value="generated"/></page><page><nameUrl value="CodeSystem-omh-temporal-relationship-to-sleep.html"/><title value="OMH Temporal Relationship to Sleep Code System"/><generation value="generated"/></page></page></page><parameter><code value="path-resource"/><value value="input/capabilities"/></parameter><parameter><code value="path-resource"/><value value="input/examples"/></parameter><parameter><code value="path-resource"/><value value="input/extensions"/></parameter><parameter><code value="path-resource"/><value value="input/models"/></parameter><parameter><code value="path-resource"/><value value="input/operations"/></parameter><parameter><code value="path-resource"/><value value="input/profiles"/></parameter><parameter><code value="path-resource"/><value value="input/resources"/></parameter><parameter><code value="path-resource"/><value value="input/vocabulary"/></parameter><parameter><code value="path-resource"/><value value="input/maps"/></parameter><parameter><code value="path-resource"/><value value="input/testing"/></parameter><parameter><code value="path-resource"/><value value="input/history"/></parameter><parameter><code value="path-resource"/><value value="fsh-generated/resources"/></parameter><parameter><code value="path-pages"/><value value="template/config"/></parameter><parameter><code value="path-pages"/><value value="input/images"/></parameter><parameter><code value="path-tx-cache"/><value value="input-cache/txcache"/></parameter></definition></ImplementationGuide>