[
  {
    "id": "omh-temporal-relationship-to-meal",
    "type": "CodeSystem",
    "url": "http://cardinalkit.org/fhir/CodeSystem/omh-temporal-relationship-to-meal",
    "version": "1.0.0",
    "name": "OMHTemporalRelationshipToMeal"
  },
  {
    "id": "omh-temporal-relationship-to-physical-activity",
    "type": "CodeSystem",
    "url": "http://cardinalkit.org/fhir/CodeSystem/omh-temporal-relationship-to-physical-activity",
    "version": "1.0.0",
    "name": "OMHTemporalRelationshipToPhysicalActivity"
  },
  {
    "id": "omh-temporal-relationship-to-sleep",
    "type": "CodeSystem",
    "url": "http://cardinalkit.org/fhir/CodeSystem/omh-temporal-relationship-to-sleep",
    "version": "1.0.0",
    "name": "OMHTemporalRelationshipToSleep"
  },
  {
    "id": "fhir.CKmHealthToFhir",
    "type": "ImplementationGuide",
    "url": "http://cardinalkit.org/fhir/ImplementationGuide/fhir.CKmHealthToFhir",
    "version": "1.0.0",
    "name": "CKmHealthFhirIG"
  },
  {
    "id": "ck-obs",
    "type": "StructureDefinition",
    "url": "http://cardinalkit.org/fhir/StructureDefinition/ck-obs",
    "version": "1.0.0",
    "name": "CKObservationProfile"
  },
  {
    "id": "ck-questionnaire",
    "type": "StructureDefinition",
    "url": "http://cardinalkit.org/fhir/StructureDefinition/ck-questionnaire",
    "version": "1.0.0",
    "name": "CKQuestionnaireProfile"
  },
  {
    "id": "extension-modality",
    "type": "StructureDefinition",
    "url": "http://cardinalkit.org/fhir/StructureDefinition/extension-modality",
    "version": "1.0.0",
    "name": "OmhModalityExtension"
  },
  {
    "id": "omh-device-modality",
    "type": "ValueSet",
    "url": "http://cardinalkit.org/fhir/ValueSet/omh-device-modality",
    "version": "1.0.0",
    "name": "OmhDeviceModalityValueSet"
  },
  {
    "id": "omh-unit-value",
    "type": "ValueSet",
    "url": "http://cardinalkit.org/fhir/ValueSet/omh-unit-value",
    "version": "1.0.0",
    "name": "OMHUnitValue"
  }
]