{
  "resourceType": "CodeSystem",
  "id": "omh-temporal-relationship-to-physical-activity",
  "text": {
    "status": "generated",
    "div": "<div xmlns=\"http://www.w3.org/1999/xhtml\"><p>This code system http://cardinalkit.org/fhir/CodeSystem/omh-temporal-relationship-to-physical-activity defines the following codes:</p><table class=\"codes\"><tr><td style=\"white-space:nowrap\"><b>Code</b></td><td><b>Display</b></td><td><b>Definition</b></td></tr><tr><td style=\"white-space:nowrap\">at-rest<a name=\"omh-temporal-relationship-to-physical-activity-at-rest\"> </a></td><td>at rest</td><td>at rest</td></tr><tr><td style=\"white-space:nowrap\">active<a name=\"omh-temporal-relationship-to-physical-activity-active\"> </a></td><td>active</td><td>active</td></tr><tr><td style=\"white-space:nowrap\">before-exercise<a name=\"omh-temporal-relationship-to-physical-activity-before-exercise\"> </a></td><td>before exercise</td><td>before exercise</td></tr><tr><td style=\"white-space:nowrap\">after-exercise<a name=\"omh-temporal-relationship-to-physical-activity-after-exercise\"> </a></td><td>after exercise</td><td>after exercise</td></tr><tr><td style=\"white-space:nowrap\">during-exercise<a name=\"omh-temporal-relationship-to-physical-activity-during-exercise\"> </a></td><td>during exercise</td><td>during exercise</td></tr></table></div>"
  },
  "url": "http://cardinalkit.org/fhir/CodeSystem/omh-temporal-relationship-to-physical-activity",
  "version": "1.0.0",
  "name": "OMHTemporalRelationshipToPhysicalActivity",
  "title": "OMH Temporal Relationship to Physical Activity Code System",
  "status": "draft",
  "date": "2015-06-15",
  "publisher": "Stanford Byers Center for Biodesign",
  "contact": [
    {
      "name": "Stanford Byers Center for Biodesign",
      "telecom": [
        {
          "system": "url",
          "value": "http://biodesign.stanford.edu/"
        },
        {
          "system": "email",
          "value": "vishnur@stanford.edu"
        }
      ]
    },
    {
      "name": "Vishnu Ravi",
      "telecom": [
        {
          "system": "email",
          "value": "vishnur@stanford.edu",
          "use": "work"
        }
      ]
    }
  ],
  "description": "Represents the temporal relationship of a clinical measure or assessment to physical activity (e.g., at rest, during exercise).",
  "caseSensitive": true,
  "content": "complete",
  "count": 5,
  "concept": [
    {
      "code": "at-rest",
      "display": "at rest",
      "definition": "at rest"
    },
    {
      "code": "active",
      "display": "active",
      "definition": "active"
    },
    {
      "code": "before-exercise",
      "display": "before exercise",
      "definition": "before exercise"
    },
    {
      "code": "after-exercise",
      "display": "after exercise",
      "definition": "after exercise"
    },
    {
      "code": "during-exercise",
      "display": "during exercise",
      "definition": "during exercise"
    }
  ]
}