{
  "resourceType" : "Bundle",
  "id" : "d2669055-c828-4069-9e20-5ef38164d4a2",
  "meta" : {
    "lastUpdated" : "2022-07-18T09:13:15.877-04:00"
  },
  "type" : "collection",
  "entry" : [{
    "fullUrl" : "http://cardinalkit.org/fhir/ValueSet/omh-unit-value",
    "resource" : {
      "resourceType" : "ValueSet",
      "id" : "omh-unit-value",
      "text" : {
        "status" : "generated",
        "div" : "<div xmlns=\"http://www.w3.org/1999/xhtml\"><p>This value set contains 6 concepts</p><p style=\"border: black 1px dotted; background-color: #EEEEEE; padding: 8px; margin-bottom: 8px\">Expansion based on UCUM version 2.0.1</p><p>All codes in this table are from the system <a href=\"http://terminology.hl7.org/3.1.0/CodeSystem-v3-ucum.html\"><code>http://unitsofmeasure.org</code></a></p><table class=\"codes\"><tr><td style=\"white-space:nowrap\"><b>Code</b></td><td><b>Display</b></td></tr><tr><td style=\"white-space:nowrap\"><a name=\"http---unitsofmeasure.org--steps-\"> </a>  {steps}</td><td>steps</td></tr><tr><td style=\"white-space:nowrap\"><a name=\"http---unitsofmeasure.org-mm-Hg-\"> </a>  mm[Hg]</td><td>mmHg</td></tr><tr><td style=\"white-space:nowrap\"><a name=\"http---unitsofmeasure.org-mg-dL\"> </a>  mg/dL</td><td>mg/dL</td></tr><tr><td style=\"white-space:nowrap\"><a name=\"http---unitsofmeasure.org-mmol-L\"> </a>  mmol/L</td><td>mmol/L</td></tr><tr><td style=\"white-space:nowrap\"><a name=\"http---unitsofmeasure.org-kg-m2\"> </a>  kg/m2</td><td>kg/m^2</td></tr><tr><td style=\"white-space:nowrap\"><a name=\"http---unitsofmeasure.org--\"> </a>  %</td><td>%</td></tr></table></div>"
      },
      "url" : "http://cardinalkit.org/fhir/ValueSet/omh-unit-value",
      "version" : "1.0.0",
      "name" : "OMHUnitValue",
      "title" : "OMH to FHIR Unit Value Set",
      "status" : "draft",
      "date" : "2018-11-28T15:55:00.13Z",
      "publisher" : "Stanford Byers Center for Biodesign",
      "contact" : [{
        "name" : "Stanford Byers Center for Biodesign",
        "telecom" : [{
          "system" : "url",
          "value" : "http://biodesign.stanford.edu/"
        },
        {
          "system" : "email",
          "value" : "vishnur@stanford.edu"
        }]
      },
      {
        "name" : "Vishnu Ravi",
        "telecom" : [{
          "system" : "email",
          "value" : "vishnur@stanford.edu",
          "use" : "work"
        }]
      }],
      "description" : "Implicit OMH units (not explicitly enumerated in the schemas) needed for OMH to FHIR mapping",
      "immutable" : false,
      "copyright" : "Open mHealth copyright 2015, a project of the Tides Center. All Rights Reserved.",
      "expansion" : {
        "identifier" : "urn:uuid:84c70909-a16c-4e3f-9ff6-f729b7b62e63",
        "timestamp" : "2022-07-18T09:13:26-04:00",
        "total" : 6,
        "parameter" : [{
          "name" : "excludeNested",
          "valueBoolean" : false
        },
        {
          "name" : "limitedExpansion",
          "valueBoolean" : true
        },
        {
          "name" : "version",
          "valueUri" : "http://unitsofmeasure.org|2.0.1"
        }],
        "contains" : [{
          "system" : "http://unitsofmeasure.org",
          "code" : "{steps}",
          "display" : "steps"
        },
        {
          "system" : "http://unitsofmeasure.org",
          "code" : "mm[Hg]",
          "display" : "mmHg"
        },
        {
          "system" : "http://unitsofmeasure.org",
          "code" : "mg/dL",
          "display" : "mg/dL"
        },
        {
          "system" : "http://unitsofmeasure.org",
          "code" : "mmol/L",
          "display" : "mmol/L"
        },
        {
          "system" : "http://unitsofmeasure.org",
          "code" : "kg/m2",
          "display" : "kg/m^2"
        },
        {
          "system" : "http://unitsofmeasure.org",
          "code" : "%",
          "display" : "%"
        }]
      }
    }
  }]
}