{
  "package": "fhir.CKmHealthToFhir",
  "version": "1.0.0",
  "fhirVersion": "4.0.1",
  "extensions": [
    {
      "url": "http://cardinalkit.org/fhir/StructureDefinition/extension-modality",
      "title": "OMH to FHIR Modality Extension",
      "types": [
        "code"
      ]
    }
  ],
  "profiles": {
    "Observation": [
      {
        "url": "http://cardinalkit.org/fhir/StructureDefinition/ck-obs",
        "title": "CardinalKit mHealth Observation Profile"
      }
    ],
    "Questionnaire": [
      {
        "url": "http://cardinalkit.org/fhir/StructureDefinition/ck-questionnaire",
        "title": "CardinalKit Questionnaire Profile"
      }
    ],
    "QuestionnaireResponse": [
      {
        "url": "http://cardinalkit.org/fhir/StructureDefinition/ck-questionnaireresponse",
        "title": "CardinalKit QuestionnaireResponse Profile"
      }
    ]
  },
  "usage": {
    "http://cardinalkit.org/fhir/StructureDefinition/extension-modality": [
      "Observation.device"
    ],
    "http://hl7.org/fhir/StructureDefinition/elementdefinition-bestpractice": [
      "StructureDefinition.snapshot.element.constraint"
    ],
    "http://hl7.org/fhir/StructureDefinition/elementdefinition-bestpractice-explanation": [
      "StructureDefinition.snapshot.element.constraint"
    ],
    "http://hl7.org/fhir/StructureDefinition/elementdefinition-bindingName": [
      "StructureDefinition.snapshot.element.binding"
    ],
    "http://hl7.org/fhir/StructureDefinition/elementdefinition-isCommonBinding": [
      "StructureDefinition.snapshot.element.binding"
    ],
    "http://hl7.org/fhir/StructureDefinition/elementdefinition-maxValueSet": [
      "StructureDefinition.snapshot.element.binding"
    ],
    "http://hl7.org/fhir/StructureDefinition/elementdefinition-translatable": [
      "StructureDefinition.snapshot.element"
    ],
    "http://hl7.org/fhir/StructureDefinition/structuredefinition-category": [
      "StructureDefinition"
    ],
    "http://hl7.org/fhir/StructureDefinition/structuredefinition-display-hint": [
      "StructureDefinition.snapshot.element"
    ],
    "http://hl7.org/fhir/StructureDefinition/structuredefinition-fhir-type": [
      "StructureDefinition.snapshot.element.type"
    ],
    "http://hl7.org/fhir/StructureDefinition/structuredefinition-security-category": [
      "StructureDefinition"
    ],
    "http://hl7.org/fhir/StructureDefinition/structuredefinition-standards-status": [
      "StructureDefinition.snapshot.element"
    ],
    "http://hl7.org/fhir/tools/StructureDefinition/ig-parameter": [
      "ImplementationGuide.definition"
    ],
    "http://hl7.org/fhir/tools/StructureDefinition/resource-information": [
      "ImplementationGuide.definition.resource"
    ]
  }
}